timestamp_utc,phase,workload_mode,command_id,process_cpu_percent,system_cpu_percent,process_memory_rss_mb,process_memory_vms_mb,system_memory_total_mb,system_memory_available_mb,system_memory_used_percent,gpu_available,gpu_name,gpu_utilisation_percent,gpu_memory_used_mb,gpu_memory_total_mb,npu_available,npu_name,npu_utilisation_percent,resource_profiler_status,notes
2026-05-11T09:57:18.722006Z,before_run,evidence_replay,,0.0,0.0,19.05,11.03,15720.25,1739.4,88.9,NOT_DETECTED,NOT_AVAILABLE,NOT_AVAILABLE,NOT_AVAILABLE,NOT_AVAILABLE,NOT_DETECTED,NOT_AVAILABLE,NOT_AVAILABLE,PSUTIL_AVAILABLE,GPU/NPU counters are not queried unless measurable through a supported local backend
2026-05-11T09:57:18.723009Z,per_command,evidence_replay,C01,0.0,0.0,19.08,11.03,15720.25,1739.39,88.9,NOT_DETECTED,NOT_AVAILABLE,NOT_AVAILABLE,NOT_AVAILABLE,NOT_AVAILABLE,NOT_DETECTED,NOT_AVAILABLE,NOT_AVAILABLE,PSUTIL_AVAILABLE,GPU/NPU counters are not queried unless measurable through a supported local backend
2026-05-11T09:57:18.724010Z,per_command,evidence_replay,C02,0.0,0.0,19.09,11.03,15720.25,1739.42,88.9,NOT_DETECTED,NOT_AVAILABLE,NOT_AVAILABLE,NOT_AVAILABLE,NOT_AVAILABLE,NOT_DETECTED,NOT_AVAILABLE,NOT_AVAILABLE,PSUTIL_AVAILABLE,GPU/NPU counters are not queried unless measurable through a supported local backend
2026-05-11T09:57:18.725054Z,per_command,evidence_replay,C03,0.0,0.0,19.09,11.03,15720.25,1739.42,88.9,NOT_DETECTED,NOT_AVAILABLE,NOT_AVAILABLE,NOT_AVAILABLE,NOT_AVAILABLE,NOT_DETECTED,NOT_AVAILABLE,NOT_AVAILABLE,PSUTIL_AVAILABLE,GPU/NPU counters are not queried unless measurable through a supported local backend
2026-05-11T09:57:18.726236Z,per_command,evidence_replay,C04,0.0,0.0,19.09,11.03,15720.25,1739.42,88.9,NOT_DETECTED,NOT_AVAILABLE,NOT_AVAILABLE,NOT_AVAILABLE,NOT_AVAILABLE,NOT_DETECTED,NOT_AVAILABLE,NOT_AVAILABLE,PSUTIL_AVAILABLE,GPU/NPU counters are not queried unless measurable through a supported local backend
2026-05-11T09:57:18.727072Z,per_command,evidence_replay,C05,0.0,0.0,19.09,11.03,15720.25,1739.55,88.9,NOT_DETECTED,NOT_AVAILABLE,NOT_AVAILABLE,NOT_AVAILABLE,NOT_AVAILABLE,NOT_DETECTED,NOT_AVAILABLE,NOT_AVAILABLE,PSUTIL_AVAILABLE,GPU/NPU counters are not queried unless measurable through a supported local backend
2026-05-11T09:57:18.727072Z,per_command,evidence_replay,C06,0.0,0.0,19.09,11.03,15720.25,1742.55,88.9,NOT_DETECTED,NOT_AVAILABLE,NOT_AVAILABLE,NOT_AVAILABLE,NOT_AVAILABLE,NOT_DETECTED,NOT_AVAILABLE,NOT_AVAILABLE,PSUTIL_AVAILABLE,GPU/NPU counters are not queried unless measurable through a supported local backend
2026-05-11T09:57:18.728617Z,per_command,evidence_replay,C07,0.0,0.0,19.09,11.03,15720.25,1744.96,88.9,NOT_DETECTED,NOT_AVAILABLE,NOT_AVAILABLE,NOT_AVAILABLE,NOT_AVAILABLE,NOT_DETECTED,NOT_AVAILABLE,NOT_AVAILABLE,PSUTIL_AVAILABLE,GPU/NPU counters are not queried unless measurable through a supported local backend
2026-05-11T09:57:18.728617Z,per_command,evidence_replay,C08,0.0,0.0,19.09,11.03,15720.25,1748.52,88.9,NOT_DETECTED,NOT_AVAILABLE,NOT_AVAILABLE,NOT_AVAILABLE,NOT_AVAILABLE,NOT_DETECTED,NOT_AVAILABLE,NOT_AVAILABLE,PSUTIL_AVAILABLE,GPU/NPU counters are not queried unless measurable through a supported local backend
2026-05-11T09:57:18.730045Z,per_command,evidence_replay,C09,0.0,0.0,19.09,11.03,15720.25,1752.6,88.9,NOT_DETECTED,NOT_AVAILABLE,NOT_AVAILABLE,NOT_AVAILABLE,NOT_AVAILABLE,NOT_DETECTED,NOT_AVAILABLE,NOT_AVAILABLE,PSUTIL_AVAILABLE,GPU/NPU counters are not queried unless measurable through a supported local backend
2026-05-11T09:57:18.732057Z,per_command,evidence_replay,C10,0.0,66.7,19.09,11.03,15720.25,1754.16,88.8,NOT_DETECTED,NOT_AVAILABLE,NOT_AVAILABLE,NOT_AVAILABLE,NOT_AVAILABLE,NOT_DETECTED,NOT_AVAILABLE,NOT_AVAILABLE,PSUTIL_AVAILABLE,GPU/NPU counters are not queried unless measurable through a supported local backend
2026-05-11T09:57:18.733569Z,per_command,evidence_replay,C11,0.0,0.0,19.1,11.03,15720.25,1754.48,88.8,NOT_DETECTED,NOT_AVAILABLE,NOT_AVAILABLE,NOT_AVAILABLE,NOT_AVAILABLE,NOT_DETECTED,NOT_AVAILABLE,NOT_AVAILABLE,PSUTIL_AVAILABLE,GPU/NPU counters are not queried unless measurable through a supported local backend
2026-05-11T09:57:18.733569Z,per_command,evidence_replay,C12,0.0,0.0,19.1,11.03,15720.25,1754.58,88.8,NOT_DETECTED,NOT_AVAILABLE,NOT_AVAILABLE,NOT_AVAILABLE,NOT_AVAILABLE,NOT_DETECTED,NOT_AVAILABLE,NOT_AVAILABLE,PSUTIL_AVAILABLE,GPU/NPU counters are not queried unless measurable through a supported local backend
2026-05-11T09:57:18.734707Z,per_command,evidence_replay,C13,0.0,0.0,19.1,11.03,15720.25,1755.15,88.8,NOT_DETECTED,NOT_AVAILABLE,NOT_AVAILABLE,NOT_AVAILABLE,NOT_AVAILABLE,NOT_DETECTED,NOT_AVAILABLE,NOT_AVAILABLE,PSUTIL_AVAILABLE,GPU/NPU counters are not queried unless measurable through a supported local backend
2026-05-11T09:57:18.735253Z,per_command,evidence_replay,C14,0.0,0.0,19.1,11.03,15720.25,1755.21,88.8,NOT_DETECTED,NOT_AVAILABLE,NOT_AVAILABLE,NOT_AVAILABLE,NOT_AVAILABLE,NOT_DETECTED,NOT_AVAILABLE,NOT_AVAILABLE,PSUTIL_AVAILABLE,GPU/NPU counters are not queried unless measurable through a supported local backend
2026-05-11T09:57:18.736275Z,per_command,evidence_replay,C15,0.0,0.0,19.1,11.03,15720.25,1755.21,88.8,NOT_DETECTED,NOT_AVAILABLE,NOT_AVAILABLE,NOT_AVAILABLE,NOT_AVAILABLE,NOT_DETECTED,NOT_AVAILABLE,NOT_AVAILABLE,PSUTIL_AVAILABLE,GPU/NPU counters are not queried unless measurable through a supported local backend
2026-05-11T09:57:18.736275Z,per_command,evidence_replay,C16,0.0,0.0,19.11,11.03,15720.25,1755.21,88.8,NOT_DETECTED,NOT_AVAILABLE,NOT_AVAILABLE,NOT_AVAILABLE,NOT_AVAILABLE,NOT_DETECTED,NOT_AVAILABLE,NOT_AVAILABLE,PSUTIL_AVAILABLE,GPU/NPU counters are not queried unless measurable through a supported local backend
2026-05-11T09:57:18.736997Z,per_command,evidence_replay,C17,0.0,0.0,19.11,11.03,15720.25,1755.21,88.8,NOT_DETECTED,NOT_AVAILABLE,NOT_AVAILABLE,NOT_AVAILABLE,NOT_AVAILABLE,NOT_DETECTED,NOT_AVAILABLE,NOT_AVAILABLE,PSUTIL_AVAILABLE,GPU/NPU counters are not queried unless measurable through a supported local backend
2026-05-11T09:57:18.738273Z,per_command,evidence_replay,C18,0.0,0.0,19.11,11.03,15720.25,1755.24,88.8,NOT_DETECTED,NOT_AVAILABLE,NOT_AVAILABLE,NOT_AVAILABLE,NOT_AVAILABLE,NOT_DETECTED,NOT_AVAILABLE,NOT_AVAILABLE,PSUTIL_AVAILABLE,GPU/NPU counters are not queried unless measurable through a supported local backend
2026-05-11T09:57:18.738273Z,per_command,evidence_replay,C19,0.0,0.0,19.11,11.03,15720.25,1755.27,88.8,NOT_DETECTED,NOT_AVAILABLE,NOT_AVAILABLE,NOT_AVAILABLE,NOT_AVAILABLE,NOT_DETECTED,NOT_AVAILABLE,NOT_AVAILABLE,PSUTIL_AVAILABLE,GPU/NPU counters are not queried unless measurable through a supported local backend
2026-05-11T09:57:18.739272Z,per_command,evidence_replay,C20,0.0,0.0,19.11,11.03,15720.25,1755.27,88.8,NOT_DETECTED,NOT_AVAILABLE,NOT_AVAILABLE,NOT_AVAILABLE,NOT_AVAILABLE,NOT_DETECTED,NOT_AVAILABLE,NOT_AVAILABLE,PSUTIL_AVAILABLE,GPU/NPU counters are not queried unless measurable through a supported local backend
2026-05-11T09:57:18.739272Z,per_command,evidence_replay,C21,0.0,0.0,19.11,11.03,15720.25,1755.27,88.8,NOT_DETECTED,NOT_AVAILABLE,NOT_AVAILABLE,NOT_AVAILABLE,NOT_AVAILABLE,NOT_DETECTED,NOT_AVAILABLE,NOT_AVAILABLE,PSUTIL_AVAILABLE,GPU/NPU counters are not queried unless measurable through a supported local backend
2026-05-11T09:57:18.740462Z,per_command,evidence_replay,C22,0.0,0.0,19.11,11.03,15720.25,1755.27,88.8,NOT_DETECTED,NOT_AVAILABLE,NOT_AVAILABLE,NOT_AVAILABLE,NOT_AVAILABLE,NOT_DETECTED,NOT_AVAILABLE,NOT_AVAILABLE,PSUTIL_AVAILABLE,GPU/NPU counters are not queried unless measurable through a supported local backend
2026-05-11T09:57:18.741464Z,per_command,evidence_replay,C23,0.0,0.0,19.11,11.03,15720.25,1755.27,88.8,NOT_DETECTED,NOT_AVAILABLE,NOT_AVAILABLE,NOT_AVAILABLE,NOT_AVAILABLE,NOT_DETECTED,NOT_AVAILABLE,NOT_AVAILABLE,PSUTIL_AVAILABLE,GPU/NPU counters are not queried unless measurable through a supported local backend
2026-05-11T09:57:18.741464Z,per_command,evidence_replay,C24,0.0,0.0,19.11,11.03,15720.25,1755.27,88.8,NOT_DETECTED,NOT_AVAILABLE,NOT_AVAILABLE,NOT_AVAILABLE,NOT_AVAILABLE,NOT_DETECTED,NOT_AVAILABLE,NOT_AVAILABLE,PSUTIL_AVAILABLE,GPU/NPU counters are not queried unless measurable through a supported local backend
2026-05-11T09:57:18.742463Z,per_command,evidence_replay,C25,0.0,0.0,19.11,11.03,15720.25,1755.27,88.8,NOT_DETECTED,NOT_AVAILABLE,NOT_AVAILABLE,NOT_AVAILABLE,NOT_AVAILABLE,NOT_DETECTED,NOT_AVAILABLE,NOT_AVAILABLE,PSUTIL_AVAILABLE,GPU/NPU counters are not queried unless measurable through a supported local backend
2026-05-11T09:57:18.743463Z,per_command,evidence_replay,C26,0.0,0.0,19.12,11.03,15720.25,1755.27,88.8,NOT_DETECTED,NOT_AVAILABLE,NOT_AVAILABLE,NOT_AVAILABLE,NOT_AVAILABLE,NOT_DETECTED,NOT_AVAILABLE,NOT_AVAILABLE,PSUTIL_AVAILABLE,GPU/NPU counters are not queried unless measurable through a supported local backend
2026-05-11T09:57:18.743463Z,per_command,evidence_replay,C27,0.0,0.0,19.12,11.03,15720.25,1755.27,88.8,NOT_DETECTED,NOT_AVAILABLE,NOT_AVAILABLE,NOT_AVAILABLE,NOT_AVAILABLE,NOT_DETECTED,NOT_AVAILABLE,NOT_AVAILABLE,PSUTIL_AVAILABLE,GPU/NPU counters are not queried unless measurable through a supported local backend
2026-05-11T09:57:18.744463Z,per_command,evidence_replay,C28,0.0,0.0,19.12,11.03,15720.25,1755.27,88.8,NOT_DETECTED,NOT_AVAILABLE,NOT_AVAILABLE,NOT_AVAILABLE,NOT_AVAILABLE,NOT_DETECTED,NOT_AVAILABLE,NOT_AVAILABLE,PSUTIL_AVAILABLE,GPU/NPU counters are not queried unless measurable through a supported local backend
2026-05-11T09:57:18.744463Z,per_command,evidence_replay,C29,0.0,0.0,19.12,11.03,15720.25,1755.3,88.8,NOT_DETECTED,NOT_AVAILABLE,NOT_AVAILABLE,NOT_AVAILABLE,NOT_AVAILABLE,NOT_DETECTED,NOT_AVAILABLE,NOT_AVAILABLE,PSUTIL_AVAILABLE,GPU/NPU counters are not queried unless measurable through a supported local backend
2026-05-11T09:57:18.746005Z,per_command,evidence_replay,C30,0.0,0.0,19.12,11.03,15720.25,1755.3,88.8,NOT_DETECTED,NOT_AVAILABLE,NOT_AVAILABLE,NOT_AVAILABLE,NOT_AVAILABLE,NOT_DETECTED,NOT_AVAILABLE,NOT_AVAILABLE,PSUTIL_AVAILABLE,GPU/NPU counters are not queried unless measurable through a supported local backend
2026-05-11T09:57:18.747023Z,after_run,evidence_replay,,0.0,0.0,19.12,11.03,15720.25,1755.3,88.8,NOT_DETECTED,NOT_AVAILABLE,NOT_AVAILABLE,NOT_AVAILABLE,NOT_AVAILABLE,NOT_DETECTED,NOT_AVAILABLE,NOT_AVAILABLE,PSUTIL_AVAILABLE,GPU/NPU counters are not queried unless measurable through a supported local backend
2026-05-11T09:57:18.748028Z,summary,evidence_replay,,0.0,0.0,19.13,11.03,15720.25,1755.3,88.8,NOT_DETECTED,NOT_AVAILABLE,NOT_AVAILABLE,NOT_AVAILABLE,NOT_AVAILABLE,NOT_DETECTED,NOT_AVAILABLE,NOT_AVAILABLE,PSUTIL_AVAILABLE,GPU/NPU counters are not queried unless measurable through a supported local backend
