run_id,workload_mode,command_id,command_text,model,backend,iteration,request_success,json_valid,latency_ms,cumulative_elapsed_ms,instantaneous_throughput_commands_per_min,rolling_mean_latency_ms,rolling_p95_latency_ms,process_cpu_percent,system_cpu_percent,process_memory_rss_mb,system_memory_used_percent,resource_profiler_status,notes
mode_d_20260511T095718Z,evidence_replay,C01,Pick up the medicine cup,Phi-3-mini-4k-instruct-generic-cpu:3,local,1,True,True,6391.89,6391.89,9.39,6391.89,6391.89,0.0,0.0,19.08,88.9,PSUTIL_AVAILABLE,evidence replay workload; no new model call performed
mode_d_20260511T095718Z,evidence_replay,C02,Place the pill box on the tray,Phi-3-mini-4k-instruct-generic-cpu:3,local,2,True,False,6967.52,13359.41,8.98,6679.7,6938.74,0.0,0.0,19.09,88.9,PSUTIL_AVAILABLE,evidence replay workload; no new model call performed
mode_d_20260511T095718Z,evidence_replay,C03,Move the gauze pack to the left zone,Phi-3-mini-4k-instruct-generic-cpu:3,local,3,True,True,7175.53,20534.94,8.77,6844.98,7154.73,0.0,0.0,19.09,88.9,PSUTIL_AVAILABLE,evidence replay workload; no new model call performed
mode_d_20260511T095718Z,evidence_replay,C04,Pick up the pill box,Phi-3-mini-4k-instruct-generic-cpu:3,local,4,True,True,6667.85,27202.79,8.82,6800.7,7144.33,0.0,0.0,19.09,88.9,PSUTIL_AVAILABLE,evidence replay workload; no new model call performed
mode_d_20260511T095718Z,evidence_replay,C05,Place the medicine cup in the handover zone,Phi-3-mini-4k-instruct-generic-cpu:3,local,5,True,True,7382.68,34585.47,8.67,6917.09,7341.25,0.0,0.0,19.09,88.9,PSUTIL_AVAILABLE,evidence replay workload; no new model call performed
mode_d_20260511T095718Z,evidence_replay,C06,Open the gripper,Phi-3-mini-4k-instruct-generic-cpu:3,local,6,True,True,5267.65,39853.12,9.03,6642.19,7330.89,0.0,0.0,19.09,88.9,PSUTIL_AVAILABLE,evidence replay workload; no new model call performed
mode_d_20260511T095718Z,evidence_replay,C07,Reset the robot,Phi-3-mini-4k-instruct-generic-cpu:3,local,7,True,True,5053.08,44906.2,9.35,6415.17,7320.53,0.0,0.0,19.09,88.9,PSUTIL_AVAILABLE,evidence replay workload; no new model call performed
mode_d_20260511T095718Z,evidence_replay,C08,Describe the scene,Phi-3-mini-4k-instruct-generic-cpu:3,local,8,True,True,4275.19,49181.39,9.76,6147.67,7310.18,0.0,0.0,19.09,88.9,PSUTIL_AVAILABLE,evidence replay workload; no new model call performed
mode_d_20260511T095718Z,evidence_replay,C09,Move the tray to the right zone,Phi-3-mini-4k-instruct-generic-cpu:3,local,9,True,False,6668.87,55850.26,9.67,6205.58,7299.82,0.0,0.0,19.09,88.9,PSUTIL_AVAILABLE,evidence replay workload; no new model call performed
mode_d_20260511T095718Z,evidence_replay,C10,Pick up the gauze pack and place it on the tray,Phi-3-mini-4k-instruct-generic-cpu:3,local,10,True,False,9293.07,65143.33,9.21,6514.33,8433.39,0.0,66.7,19.09,88.8,PSUTIL_AVAILABLE,evidence replay workload; no new model call performed
mode_d_20260511T095718Z,evidence_replay,C11,Move the medicine cup to the safe area,Phi-3-mini-4k-instruct-generic-cpu:3,local,11,True,True,8103.82,73247.15,9.01,6658.83,8698.44,0.0,0.0,19.1,88.8,PSUTIL_AVAILABLE,evidence replay workload; no new model call performed
mode_d_20260511T095718Z,evidence_replay,C12,Place the pill box near the handover zone,Phi-3-mini-4k-instruct-generic-cpu:3,local,12,True,False,8910.99,82158.14,8.76,6846.51,9082.93,0.0,0.0,19.1,88.8,PSUTIL_AVAILABLE,evidence replay workload; no new model call performed
mode_d_20260511T095718Z,evidence_replay,C13,Take the correct one from the tray,Phi-3-mini-4k-instruct-generic-cpu:3,local,13,True,False,7806.9,89965.04,8.67,6920.39,9063.82,0.0,0.0,19.1,88.8,PSUTIL_AVAILABLE,evidence replay workload; no new model call performed
mode_d_20260511T095718Z,evidence_replay,C14,Put the gauze pack in the usual place,Phi-3-mini-4k-instruct-generic-cpu:3,local,14,True,True,8387.48,98352.52,8.54,7025.18,9044.72,0.0,0.0,19.1,88.8,PSUTIL_AVAILABLE,evidence replay workload; no new model call performed
mode_d_20260511T095718Z,evidence_replay,C15,Hand over the medicine cup,Phi-3-mini-4k-instruct-generic-cpu:3,local,15,True,True,6631.92,104984.44,8.57,6998.96,9025.61,0.0,0.0,19.1,88.8,PSUTIL_AVAILABLE,evidence replay workload; no new model call performed
mode_d_20260511T095718Z,evidence_replay,C16,Move the pill box a bit to the left zone,Phi-3-mini-4k-instruct-generic-cpu:3,local,16,True,True,8979.19,113963.63,8.42,7122.73,9057.66,0.0,0.0,19.11,88.8,PSUTIL_AVAILABLE,evidence replay workload; no new model call performed
mode_d_20260511T095718Z,evidence_replay,C17,Pick up the cup on the tray,Phi-3-mini-4k-instruct-generic-cpu:3,local,17,True,False,7508.5,121472.13,8.4,7145.42,9041.97,0.0,0.0,19.11,88.8,PSUTIL_AVAILABLE,evidence replay workload; no new model call performed
mode_d_20260511T095718Z,evidence_replay,C18,Get this ready for handover,Phi-3-mini-4k-instruct-generic-cpu:3,local,18,True,True,5386.66,126858.79,8.51,7047.71,9026.27,0.0,0.0,19.11,88.8,PSUTIL_AVAILABLE,evidence replay workload; no new model call performed
mode_d_20260511T095718Z,evidence_replay,C19,Place the medicine cup in the safe area if available,Phi-3-mini-4k-instruct-generic-cpu:3,local,19,True,True,8822.63,135681.42,8.4,7141.13,9010.58,0.0,0.0,19.11,88.8,PSUTIL_AVAILABLE,evidence replay workload; no new model call performed
mode_d_20260511T095718Z,evidence_replay,C20,Transfer the gauze pack to a nearby tray,Phi-3-mini-4k-instruct-generic-cpu:3,local,20,True,False,9944.56,145625.98,8.24,7281.3,9325.64,0.0,0.0,19.11,88.8,PSUTIL_AVAILABLE,evidence replay workload; no new model call performed
mode_d_20260511T095718Z,evidence_replay,C21,Pick that,Phi-3-mini-4k-instruct-generic-cpu:3,local,21,True,True,5725.28,151351.26,8.33,7207.2,9293.07,0.0,0.0,19.11,88.8,PSUTIL_AVAILABLE,evidence replay workload; no new model call performed
mode_d_20260511T095718Z,evidence_replay,C22,Move it there,Phi-3-mini-4k-instruct-generic-cpu:3,local,22,True,True,5861.15,157212.41,8.4,7146.02,9277.38,0.0,0.0,19.11,88.8,PSUTIL_AVAILABLE,evidence replay workload; no new model call performed
mode_d_20260511T095718Z,evidence_replay,C23,Sort this out,Phi-3-mini-4k-instruct-generic-cpu:3,local,23,True,True,5642.46,162854.87,8.47,7080.65,9261.68,0.0,0.0,19.11,88.8,PSUTIL_AVAILABLE,evidence replay workload; no new model call performed
mode_d_20260511T095718Z,evidence_replay,C24,Get this ready,Phi-3-mini-4k-instruct-generic-cpu:3,local,24,True,True,6476.73,169331.6,8.5,7055.48,9245.99,0.0,0.0,19.11,88.8,PSUTIL_AVAILABLE,evidence replay workload; no new model call performed
mode_d_20260511T095718Z,evidence_replay,C25,Put it over there,Phi-3-mini-4k-instruct-generic-cpu:3,local,25,True,True,6137.23,175468.83,8.55,7018.75,9230.29,0.0,0.0,19.11,88.8,PSUTIL_AVAILABLE,evidence replay workload; no new model call performed
mode_d_20260511T095718Z,evidence_replay,C26,Move somewhere safe,Phi-3-mini-4k-instruct-generic-cpu:3,local,26,True,True,6415.28,181884.11,8.58,6995.54,9214.6,0.0,0.0,19.12,88.8,PSUTIL_AVAILABLE,evidence replay workload; no new model call performed
mode_d_20260511T095718Z,evidence_replay,C27,Choose the correct one,Phi-3-mini-4k-instruct-generic-cpu:3,local,27,True,True,8293.7,190177.81,8.52,7043.62,9198.91,0.0,0.0,19.12,88.8,PSUTIL_AVAILABLE,evidence replay workload; no new model call performed
mode_d_20260511T095718Z,evidence_replay,C28,Do it properly,Phi-3-mini-4k-instruct-generic-cpu:3,local,28,True,True,6198.2,196376.01,8.56,7013.43,9183.21,0.0,0.0,19.12,88.8,PSUTIL_AVAILABLE,evidence replay workload; no new model call performed
mode_d_20260511T095718Z,evidence_replay,C29,Move over,Phi-3-mini-4k-instruct-generic-cpu:3,local,29,True,True,5855.36,202231.37,8.6,6973.5,9167.52,0.0,0.0,19.12,88.8,PSUTIL_AVAILABLE,evidence replay workload; no new model call performed
mode_d_20260511T095718Z,evidence_replay,C30,Place it in the safe area,Phi-3-mini-4k-instruct-generic-cpu:3,local,30,True,False,8608.74,210840.11,8.54,7028.0,9151.82,0.0,0.0,19.12,88.8,PSUTIL_AVAILABLE,evidence replay workload; no new model call performed
